{"userId":"f57fba3f-cdba-54e9-ac61-ac3f1dd4261e","faceDescriptor":{"0":-0.1561824083328247,"1":0.17623648047447205,"2":0.032405078411102295,"3":-0.12102936953306198,"4":-0.08001506328582764,"5":0.02329609915614128,"6":-0.015330017544329166,"7":-0.16949999332427979,"8":0.2348158061504364,"9":-0.12436065822839737,"10":0.20999844372272491,"11":-0.02402767911553383,"12":-0.22603504359722137,"13":0.06378260254859924,"14":-0.0641314834356308,"15":0.13901513814926147,"16":-0.14594103395938873,"17":-0.09705767035484314,"18":-0.04574679583311081,"19":-0.10625457763671875,"20":0.04951472580432892,"21":-0.0017404021928086877,"22":0.10121924430131912,"23":0.17658446729183197,"24":-0.19989663362503052,"25":-0.3544115424156189,"26":-0.12293151766061783,"27":-0.16412267088890076,"28":0.0426960252225399,"29":-0.09173958003520966,"30":-0.009997643530368805,"31":0.016587737947702408,"32":-0.18070481717586517,"33":0.03660871461033821,"34":0.01161902118474245,"35":0.07487794011831284,"36":-0.10618135333061218,"37":-0.07838323712348938,"38":0.18943436443805695,"39":-0.034702785313129425,"40":-0.17600645124912262,"41":-0.02607247605919838,"42":0.046766653656959534,"43":0.2016027420759201,"44":0.22406776249408722,"45":-0.02279476821422577,"46":0.08725611865520477,"47":-0.1511223465204239,"48":0.11894174665212631,"49":-0.17517681419849396,"50":0.08005741983652115,"51":0.15265487134456635,"52":0.0006195780006237328,"53":0.10272131860256195,"54":0.07898680120706558,"55":-0.14316651225090027,"56":-0.02132871188223362,"57":0.15892477333545685,"58":-0.18635553121566772,"59":0.053893715143203735,"60":0.0802713930606842,"61":-0.00012086199421901256,"62":-0.08501564711332321,"63":-0.056274473667144775,"64":0.1810237467288971,"65":0.2178659588098526,"66":-0.17409300804138184,"67":-0.1659306287765503,"68":0.21367645263671875,"69":-0.21972933411598206,"70":0.038026031106710434,"71":0.11377090960741043,"72":-0.14783631265163422,"73":-0.24210795760154724,"74":-0.1335441619157791,"75":0.057240135967731476,"76":0.3975866138935089,"77":0.22588281333446503,"78":-0.07582554966211319,"79":0.014510206878185272,"80":-0.09018909931182861,"81":-0.004160512238740921,"82":0.0040501756593585014,"83":0.11068224906921387,"84":-0.09911661595106125,"85":-0.018374450504779816,"86":0.003357448847964406,"87":0.09286841005086899,"88":0.13946348428726196,"89":0.03180839493870735,"90":-0.006832025479525328,"91":0.2814113199710846,"92":-0.053500548005104065,"93":0.009023974649608135,"94":0.01702186092734337,"95":0.11385604739189148,"96":-0.2392345815896988,"97":-0.008779359050095081,"98":-0.11618731915950775,"99":-0.050867099314928055,"100":-0.059302400797605515,"101":-0.02201796881854534,"102":0.012733880430459976,"103":0.11396683007478714,"104":-0.16814905405044556,"105":0.22480246424674988,"106":-0.07557401806116104,"107":-0.0017731497064232826,"108":-0.032722387462854385,"109":0.04879121482372284,"110":-0.06765642762184143,"111":-0.04028724133968353,"112":0.14887361228466034,"113":-0.2265697568655014,"114":0.1682203710079193,"115":0.11260294914245605,"116":0.005631038453429937,"117":0.15402308106422424,"118":0.06503000855445862,"119":0.09921902418136597,"120":0.049333054572343826,"121":-0.03915371373295784,"122":-0.17930740118026733,"123":0.008084453642368317,"124":0.0811564177274704,"125":-0.09951885789632797,"126":0.026927167549729347,"127":-0.06631806492805481}}