{"userId":"132333333","faceDescriptor":{"0":-0.15250849723815918,"1":0.11308716237545013,"2":0.07256889343261719,"3":-0.0976734384894371,"4":-0.06537875533103943,"5":0.01686755381524563,"6":-0.031474895775318146,"7":-0.06068437919020653,"8":0.10840138792991638,"9":-0.08481545001268387,"10":0.30436110496520996,"11":-0.040994856506586075,"12":-0.2824670076370239,"13":0.08323562890291214,"14":-0.029801560565829277,"15":0.14948955178260803,"16":-0.20057407021522522,"17":-0.08601567149162292,"18":-0.04764624312520027,"19":-0.06023619696497917,"20":0.031301356852054596,"21":0.06728658825159073,"22":-0.01546036172658205,"23":0.0430101603269577,"24":-0.11505623906850815,"25":-0.3098372220993042,"26":-0.05876145139336586,"27":-0.08770128339529037,"28":0.0997571274638176,"29":-0.086143858730793,"30":0.030096430331468582,"31":-0.03310701996088028,"32":-0.1259070336818695,"33":0.06007370352745056,"34":0.08435490727424622,"35":0.10289809107780457,"36":-0.02602454088628292,"37":-0.03566097468137741,"38":0.23994874954223633,"39":0.003173336386680603,"40":-0.20302800834178925,"41":-0.029773525893688202,"42":0.08062057197093964,"43":0.27028343081474304,"44":0.1498548686504364,"45":0.05434943363070488,"46":0.030968401581048965,"47":-0.12630507349967957,"48":0.02729022689163685,"49":-0.24042268097400665,"50":0.07900943607091904,"51":0.12503626942634583,"52":0.1038326844573021,"53":0.10356923937797546,"54":0.02888898178935051,"55":-0.24614626169204712,"56":0.012574532069265842,"57":0.10791551321744919,"58":-0.2288828194141388,"59":0.06048838421702385,"60":0.07341910153627396,"61":-0.016207726672291756,"62":-0.018472811207175255,"63":0.002462987322360277,"64":0.2949366867542267,"65":0.10600536316633224,"66":-0.2094554752111435,"67":-0.1983388364315033,"68":0.21738678216934204,"69":-0.16847220063209534,"70":-0.07275938242673874,"71":0.15273170173168182,"72":-0.10533183068037033,"73":-0.17757700383663177,"74":-0.25778406858444214,"75":0.024663541465997696,"76":0.40206611156463623,"77":0.12328384071588516,"78":-0.1849137395620346,"79":0.015016788616776466,"80":-0.05815056711435318,"81":-0.04789963737130165,"82":0.0677032619714737,"83":0.138637512922287,"84":-0.0736939013004303,"85":0.0022819694131612778,"86":-0.054720472544431686,"87":0.02095084637403488,"88":0.17851506173610687,"89":0.007808247115463018,"90":-0.06109611317515373,"91":0.20691390335559845,"92":0.011907863430678844,"93":0.032322466373443604,"94":0.032415907829999924,"95":0.1472763866186142,"96":-0.11202365905046463,"97":-0.06225105747580528,"98":-0.1215151846408844,"99":-0.09827021509408951,"100":0.006313694640994072,"101":-0.023070646449923515,"102":0.018780920654535294,"103":0.21290135383605957,"104":-0.2282848060131073,"105":0.2383698672056198,"106":-0.043790075927972794,"107":-0.05116491764783859,"108":-0.014169632457196712,"109":0.07189738750457764,"110":0.008976632729172707,"111":-0.014326789416372776,"112":0.1705179214477539,"113":-0.3313145041465759,"114":0.1934804618358612,"115":0.20972596108913422,"116":0.046250373125076294,"117":0.11364496499300003,"118":0.060107991099357605,"119":0.03312729671597481,"120":0.04743665084242821,"121":-0.01553637720644474,"122":-0.23267751932144165,"123":-0.06679544597864151,"124":-0.05190461128950119,"125":-0.09701651334762573,"126":0.06770233064889908,"127":0.029836146160960197}}