{"userId":"13232213232","faceDescriptor":{"0":-0.07035670429468155,"1":0.16860058903694153,"2":-0.006680033635348082,"3":-0.1065455824136734,"4":-0.06736066192388535,"5":0.022012772038578987,"6":-0.01191478781402111,"7":-0.16693894565105438,"8":0.25147637724876404,"9":-0.13371826708316803,"10":0.2075510025024414,"11":0.03252071142196655,"12":-0.19021084904670715,"13":0.03115343675017357,"14":-0.040884893387556076,"15":0.13353323936462402,"16":-0.21059799194335938,"17":-0.1305413842201233,"18":-0.024807559326291084,"19":-0.04942787438631058,"20":0.021531039848923683,"21":-0.01449491735547781,"22":0.05047799274325371,"23":0.12734679877758026,"24":-0.18530209362506866,"25":-0.33428052067756653,"26":-0.1103643849492073,"27":-0.16776393353939056,"28":0.13389213383197784,"29":-0.039290767163038254,"30":-0.02313590608537197,"31":0.032376233488321304,"32":-0.14992710947990417,"33":0.04136908799409866,"34":0.043812964111566544,"35":0.032485127449035645,"36":-0.1160227507352829,"37":-0.06678450852632523,"38":0.22887802124023438,"39":0.006901957560330629,"40":-0.17526187002658844,"41":0.0033164415508508682,"42":0.0548366904258728,"43":0.24105025827884674,"44":0.16492386162281036,"45":-0.01488742046058178,"46":0.1309499442577362,"47":-0.13024058938026428,"48":0.16154178977012634,"49":-0.2176259309053421,"50":0.09626518934965134,"51":0.14856112003326416,"52":0.051941461861133575,"53":0.1237991452217102,"54":0.08167438209056854,"55":-0.19101905822753906,"56":-0.015647292137145996,"57":0.13053545355796814,"58":-0.2405851185321808,"59":0.12668003141880035,"60":0.07006045430898666,"61":0.019790789112448692,"62":-0.08730270713567734,"63":-0.006341681815683842,"64":0.2122633308172226,"65":0.20148234069347382,"66":-0.18211480975151062,"67":-0.1547650694847107,"68":0.20839150249958038,"69":-0.19787751138210297,"70":0.01724856160581112,"71":0.08784125745296478,"72":-0.14533168077468872,"73":-0.21358004212379456,"74":-0.17387603223323822,"75":0.05565662309527397,"76":0.42960503697395325,"77":0.18751028180122375,"78":-0.034687113016843796,"79":0.030682628974318504,"80":-0.06753942370414734,"81":-0.050128351897001266,"82":0.004040614236146212,"83":0.11753933131694794,"84":-0.12103676795959473,"85":-0.04505443200469017,"86":0.008945219218730927,"87":0.09720663726329803,"88":0.16654881834983826,"89":0.0006171258864924312,"90":-0.0068107289262115955,"91":0.2317783087491989,"92":-0.03368294984102249,"93":0.01191427931189537,"94":-0.04590027779340744,"95":0.12282146513462067,"96":-0.20339570939540863,"97":-0.025457486510276794,"98":-0.09582147002220154,"99":-0.038524728268384933,"100":-0.04275355488061905,"101":-0.025399409234523773,"102":0.0173614751547575,"103":0.13750751316547394,"104":-0.18882165849208832,"105":0.19878308475017548,"106":-0.032585062086582184,"107":-0.03437549248337746,"108":-0.006876415107399225,"109":0.08085072785615921,"110":-0.07852519303560257,"111":-0.06480506807565689,"112":0.10251918435096741,"113":-0.24613849818706512,"114":0.22472457587718964,"115":0.13410308957099915,"116":0.054182376712560654,"117":0.12695880234241486,"118":0.024250445887446404,"119":0.029074622318148613,"120":0.07021798193454742,"121":-0.04461686313152313,"122":-0.15102507174015045,"123":-0.0428425557911396,"124":0.04306557774543762,"125":-0.06699059158563614,"126":-0.014868943020701408,"127":-0.05469782277941704}}