{"userId":"6aac45f3-19b2-552f-87b4-cf534644faf3","faceDescriptor":{"0":-0.07399098575115204,"1":0.10288607329130173,"2":-0.02267933078110218,"3":-0.09691894799470901,"4":-0.07249221950769424,"5":-0.005990156903862953,"6":0.028180992230772972,"7":-0.16505734622478485,"8":0.2727293372154236,"9":-0.1317315250635147,"10":0.21190252900123596,"11":0.009942338801920414,"12":-0.2074999362230301,"13":0.03883588686585426,"14":-0.014744916930794716,"15":0.1468404233455658,"16":-0.12828104197978973,"17":-0.11157157272100449,"18":-0.03777255117893219,"19":-0.07501478493213654,"20":0.036298226565122604,"21":-0.015717459842562675,"22":0.055897306650877,"23":0.16245774924755096,"24":-0.15645037591457367,"25":-0.31829917430877686,"26":-0.1019379198551178,"27":-0.1179942637681961,"28":0.12115024775266647,"29":-0.022832080721855164,"30":-0.01698392815887928,"31":0.06966526806354523,"32":-0.24536633491516113,"33":-0.002845005365088582,"34":0.04034670069813728,"35":0.05903130769729614,"36":-0.11417711526155472,"37":-0.08674386888742447,"38":0.20714901387691498,"39":0.07065577805042267,"40":-0.18538321554660797,"41":-0.025608884170651436,"42":0.00222464045509696,"43":0.20189350843429565,"44":0.14350469410419464,"45":-0.022741451859474182,"46":0.12242931127548218,"47":-0.12151563167572021,"48":0.11286574602127075,"49":-0.23726248741149902,"50":0.05244093015789986,"51":0.14588963985443115,"52":0.014393731951713562,"53":0.07255969196557999,"54":0.062151242047548294,"55":-0.22226816415786743,"56":-0.0037118513137102127,"57":0.09651022404432297,"58":-0.22773738205432892,"59":0.11542531847953796,"60":0.06302182376384735,"61":0.05012128874659538,"62":-0.08302842825651169,"63":-0.02419925481081009,"64":0.21337731182575226,"65":0.19284652173519135,"66":-0.14744190871715546,"67":-0.12408905476331711,"68":0.2387055605649948,"69":-0.1997847855091095,"70":0.07575959712266922,"71":0.1288018524646759,"72":-0.13176953792572021,"73":-0.2612307071685791,"74":-0.13174600899219513,"75":0.044652823358774185,"76":0.4505944848060608,"77":0.19481220841407776,"78":-0.06093963608145714,"79":0.03862067312002182,"80":-0.09163810312747955,"81":-0.015798509120941162,"82":0.039850879460573196,"83":0.0999455600976944,"84":-0.061126649379730225,"85":0.031213337555527687,"86":0.012698446400463581,"87":0.08660037070512772,"88":0.18581907451152802,"89":0.02575625106692314,"90":-0.01281325239688158,"91":0.32417717576026917,"92":-0.03974731266498566,"93":0.019965769723057747,"94":-0.002527483506128192,"95":0.07764912396669388,"96":-0.14581094682216644,"97":-0.05314347520470619,"98":-0.11110713332891464,"99":-0.0647759959101677,"100":-0.05422252044081688,"101":-0.05672499164938927,"102":0.024224959313869476,"103":0.10180946439504623,"104":-0.20007966458797455,"105":0.18308760225772858,"106":-0.040174052119255066,"107":-0.0096014104783535,"108":-0.03066885843873024,"109":0.07488638907670975,"110":-0.09620942920446396,"111":-0.04515305161476135,"112":0.10818657279014587,"113":-0.24450676143169403,"114":0.21491141617298126,"115":0.13008549809455872,"116":0.016869962215423584,"117":0.12741392850875854,"118":0.023986130952835083,"119":0.050580307841300964,"120":0.07542060315608978,"121":-0.08099380880594254,"122":-0.13445894420146942,"123":-0.02794632874429226,"124":0.030560322105884552,"125":-0.0952436625957489,"126":-0.00726475240662694,"127":-0.05748245492577553}}