{"userId":"f57fba3f-cdba-54e9-ac61-ac3f1dd4261e","faceDescriptor":{"0":-0.07658225297927856,"1":0.11499686539173126,"2":-0.05264195054769516,"3":-0.09787271171808243,"4":-0.08502490818500519,"5":0.029400989413261414,"6":0.028685912489891052,"7":-0.1474311500787735,"8":0.23813365399837494,"9":-0.14334198832511902,"10":0.2453862875699997,"11":0.06301922351121902,"12":-0.20963633060455322,"13":-0.018041040748357773,"14":-0.05763586610555649,"15":0.11913484334945679,"16":-0.1603127270936966,"17":-0.08972781896591187,"18":-0.032001495361328125,"19":-0.04257800802588463,"20":0.06647610664367676,"21":-0.0028419531881809235,"22":0.028724517673254013,"23":0.09937629103660583,"24":-0.1557891070842743,"25":-0.24139825999736786,"26":-0.10894957929849625,"27":-0.14705121517181396,"28":0.15111811459064484,"29":-0.028676530346274376,"30":-0.0343448780477047,"31":0.008053929544985294,"32":-0.1615958958864212,"33":0.006001404486596584,"34":0.013378583826124668,"35":0.0440259613096714,"36":-0.06389766931533813,"37":-0.03556094318628311,"38":0.19702742993831635,"39":0.02814318612217903,"40":-0.18260236084461212,"41":0.03414473682641983,"42":-0.02224433794617653,"43":0.238291397690773,"44":0.11455489695072174,"45":-0.00026244157925248146,"46":0.10907178372144699,"47":-0.1657700389623642,"48":0.13710975646972656,"49":-0.22319653630256653,"50":0.07269878685474396,"51":0.13052894175052643,"52":0.08625533431768417,"53":0.06515290588140488,"54":0.02717510238289833,"55":-0.2078416794538498,"56":0.020991118624806404,"57":0.09886572510004044,"58":-0.2633260488510132,"59":0.10993829369544983,"60":0.056415848433971405,"61":0.03982122242450714,"62":-0.03265512362122536,"63":0.00782338809221983,"64":0.18933171033859253,"65":0.16963058710098267,"66":-0.15207058191299438,"67":-0.15501689910888672,"68":0.20056632161140442,"69":-0.23351147770881653,"70":0.03071529045701027,"71":0.11185033619403839,"72":-0.10949058830738068,"73":-0.23792418837547302,"74":-0.1778939962387085,"75":0.05088109150528908,"76":0.435690701007843,"77":0.2119608223438263,"78":-0.06467349082231522,"79":0.048386603593826294,"80":-0.11521165817975998,"81":-0.04349413886666298,"82":0.07273148745298386,"83":0.08729595690965652,"84":-0.09034943580627441,"85":0.002601702231913805,"86":-0.04057132080197334,"87":0.06581714749336243,"88":0.19358500838279724,"89":-0.058042190968990326,"90":0.015628857538104057,"91":0.2942725121974945,"92":0.018895618617534637,"93":0.028382055461406708,"94":-0.018467087298631668,"95":0.10818629711866379,"96":-0.15001507103443146,"97":0.0042864237911999226,"98":-0.037893954664468765,"99":-0.00010278464469593018,"100":-0.022827807813882828,"101":-0.09890486299991608,"102":0.06124785169959068,"103":0.0952439159154892,"104":-0.2057299166917801,"105":0.19114236533641815,"106":-0.04800392687320709,"107":-0.019229326397180557,"108":-0.009688596241176128,"109":0.035155992954969406,"110":-0.07418501377105713,"111":-0.05365326628088951,"112":0.1304078996181488,"113":-0.247481569647789,"114":0.24027791619300842,"115":0.1561308205127716,"116":0.03262653946876526,"117":0.13967227935791016,"118":0.0606769435107708,"119":0.05379535257816315,"120":0.04864059016108513,"121":-0.07733103632926941,"122":-0.14181940257549286,"123":-0.036590639501810074,"124":0.026159334927797318,"125":-0.11712227761745453,"126":0.012787207961082458,"127":-0.03450563922524452}}